exchange,symbol
NSE_FO,nifty20100110000ce
NSE_FO,nifty20100110000pe
NSE_FO,nifty20100110050ce
NSE_FO,nifty20100110050pe
NSE_FO,nifty20100110100ce
NSE_FO,nifty20100110100pe
NSE_FO,nifty20100110150ce
NSE_FO,nifty20100110150pe
NSE_FO,nifty20100110200ce
NSE_FO,nifty20100110200pe
NSE_FO,nifty20100110250ce
NSE_FO,nifty20100110250pe
NSE_FO,nifty20100110300ce
NSE_FO,nifty20100110300pe
NSE_FO,nifty20100110350ce
NSE_FO,nifty20100110350pe
NSE_FO,nifty20100110400ce
NSE_FO,nifty20100110400pe
NSE_FO,nifty20100110450ce
NSE_FO,nifty20100110450pe
NSE_FO,nifty20100110500ce
NSE_FO,nifty20100110500pe
NSE_FO,nifty20100110550ce
NSE_FO,nifty20100110550pe
NSE_FO,nifty20100110600ce
NSE_FO,nifty20100110600pe
NSE_FO,nifty20100110650ce
NSE_FO,nifty20100110650pe
NSE_FO,nifty20100110700ce
NSE_FO,nifty20100110700pe
NSE_FO,nifty20100110750ce
NSE_FO,nifty20100110750pe
NSE_FO,nifty20100110800ce
NSE_FO,nifty20100110800pe
NSE_FO,nifty20100110850ce
NSE_FO,nifty20100110850pe
NSE_FO,nifty20100110900ce
NSE_FO,nifty20100110900pe
NSE_FO,nifty20100110950ce
NSE_FO,nifty20100110950pe
NSE_FO,nifty20100111000ce
NSE_FO,nifty20100111000pe
NSE_FO,nifty20100111050ce
NSE_FO,nifty20100111050pe
NSE_FO,nifty20100111100ce
NSE_FO,nifty20100111100pe
NSE_FO,nifty20100111150ce
NSE_FO,nifty20100111150pe
NSE_FO,nifty20100111200ce
NSE_FO,nifty20100111200pe
NSE_FO,nifty20100111250ce
NSE_FO,nifty20100111250pe
NSE_FO,nifty20100111300ce
NSE_FO,nifty20100111300pe
NSE_FO,nifty20100111350ce
NSE_FO,nifty20100111350pe
NSE_FO,nifty20100111400ce
NSE_FO,nifty20100111400pe
NSE_FO,nifty20100111450ce
NSE_FO,nifty20100111450pe
NSE_FO,nifty20100111500ce
NSE_FO,nifty20100111500pe
NSE_FO,nifty20100111550ce
NSE_FO,nifty20100111550pe
NSE_FO,nifty20100111600ce
NSE_FO,nifty20100111600pe
NSE_FO,nifty20100111650ce
NSE_FO,nifty20100111650pe
NSE_FO,nifty20100111700ce
NSE_FO,nifty20100111700pe
NSE_FO,nifty20100111750ce
NSE_FO,nifty20100111750pe
NSE_FO,nifty20100111800ce
NSE_FO,nifty20100111800pe
NSE_FO,nifty20100111850ce
NSE_FO,nifty20100111850pe
NSE_FO,nifty20100111900ce
NSE_FO,nifty20100111900pe
NSE_FO,nifty20100111950ce
NSE_FO,nifty20100111950pe
NSE_FO,nifty20100112000ce
NSE_FO,nifty20100112000pe
NSE_FO,nifty20100112050ce
NSE_FO,nifty20100112050pe
NSE_FO,nifty20100112100ce
NSE_FO,nifty20100112100pe
NSE_FO,nifty20100112150ce
NSE_FO,nifty20100112150pe
NSE_FO,nifty20100112200ce
NSE_FO,nifty20100112200pe
NSE_FO,nifty20100112250ce
NSE_FO,nifty20100112250pe
NSE_FO,nifty20100112300ce
NSE_FO,nifty20100112300pe
NSE_FO,nifty20100112350ce
NSE_FO,nifty20100112350pe
NSE_FO,nifty20100112400ce
NSE_FO,nifty20100112400pe
NSE_FO,nifty20100112450ce
NSE_FO,nifty20100112450pe
NSE_FO,nifty20100112500ce
NSE_FO,nifty20100112500pe
NSE_FO,nifty20oct10000ce
NSE_FO,nifty20oct10000pe
NSE_FO,nifty20oct10050ce
NSE_FO,nifty20oct10050pe
NSE_FO,nifty20oct10100ce
NSE_FO,nifty20oct10100pe
NSE_FO,nifty20oct10150ce
NSE_FO,nifty20oct10150pe
NSE_FO,nifty20oct10200ce
NSE_FO,nifty20oct10200pe
NSE_FO,nifty20oct10250ce
NSE_FO,nifty20oct10250pe
NSE_FO,nifty20oct10300ce
NSE_FO,nifty20oct10300pe
NSE_FO,nifty20oct10350ce
NSE_FO,nifty20oct10350pe
NSE_FO,nifty20oct10400ce
NSE_FO,nifty20oct10400pe
NSE_FO,nifty20oct10450ce
NSE_FO,nifty20oct10450pe
NSE_FO,nifty20oct10500ce
NSE_FO,nifty20oct10500pe
NSE_FO,nifty20oct10550ce
NSE_FO,nifty20oct10550pe
NSE_FO,nifty20oct10600ce
NSE_FO,nifty20oct10600pe
NSE_FO,nifty20oct10650ce
NSE_FO,nifty20oct10650pe
NSE_FO,nifty20oct10700ce
NSE_FO,nifty20oct10700pe
NSE_FO,nifty20oct10750ce
NSE_FO,nifty20oct10750pe
NSE_FO,nifty20oct10800ce
NSE_FO,nifty20oct10800pe
NSE_FO,nifty20oct10850ce
NSE_FO,nifty20oct10850pe
NSE_FO,nifty20oct10900ce
NSE_FO,nifty20oct10900pe
NSE_FO,nifty20oct10950ce
NSE_FO,nifty20oct10950pe
NSE_FO,nifty20oct11000ce
NSE_FO,nifty20oct11000pe
NSE_FO,nifty20oct11050ce
NSE_FO,nifty20oct11050pe
NSE_FO,nifty20oct11100ce
NSE_FO,nifty20oct11100pe
NSE_FO,nifty20oct11150ce
NSE_FO,nifty20oct11150pe
NSE_FO,nifty20oct11200ce
NSE_FO,nifty20oct11200pe
NSE_FO,nifty20oct11250ce
NSE_FO,nifty20oct11250pe
NSE_FO,nifty20oct11300ce
NSE_FO,nifty20oct11300pe
NSE_FO,nifty20oct11350ce
NSE_FO,nifty20oct11350pe
NSE_FO,nifty20oct11400ce
NSE_FO,nifty20oct11400pe
NSE_FO,nifty20oct11450ce
NSE_FO,nifty20oct11450pe
NSE_FO,nifty20oct11500ce
NSE_FO,nifty20oct11500pe
NSE_FO,nifty20oct11550ce
NSE_FO,nifty20oct11550pe
NSE_FO,nifty20oct11600ce
NSE_FO,nifty20oct11600pe
NSE_FO,nifty20oct11650ce
NSE_FO,nifty20oct11650pe
NSE_FO,nifty20oct11700ce
NSE_FO,nifty20oct11700pe
NSE_FO,nifty20oct11750ce
NSE_FO,nifty20oct11750pe
NSE_FO,nifty20oct11800ce
NSE_FO,nifty20oct11800pe
NSE_FO,nifty20oct11850ce
NSE_FO,nifty20oct11850pe
NSE_FO,nifty20oct11900ce
NSE_FO,nifty20oct11900pe
NSE_FO,nifty20oct11950ce
NSE_FO,nifty20oct11950pe
NSE_FO,nifty20oct12000ce
NSE_FO,nifty20oct12000pe
NSE_FO,nifty20oct12050ce
NSE_FO,nifty20oct12050pe
NSE_FO,nifty20oct12100ce
NSE_FO,nifty20oct12100pe
NSE_FO,nifty20oct12150ce
NSE_FO,nifty20oct12150pe
NSE_FO,nifty20oct12200ce
NSE_FO,nifty20oct12200pe
NSE_FO,nifty20oct12250ce
NSE_FO,nifty20oct12250pe
NSE_FO,nifty20oct12300ce
NSE_FO,nifty20oct12300pe
NSE_FO,nifty20oct12350ce
NSE_FO,nifty20oct12350pe
NSE_FO,nifty20oct12400ce
NSE_FO,nifty20oct12400pe
NSE_FO,nifty20oct12450ce
NSE_FO,nifty20oct12450pe
NSE_FO,nifty20oct12500ce
NSE_FO,nifty20oct12500pe
NSE_FO,nifty20octfut
NSE_FO,nifty20novfut
NSE_FO,nifty20decfut
