exchange,symbol
NSE_FO,nifty20octfut
NSE_FO,nifty20novfut
NSE_FO,nifty20decfut
NSE_FO,nifty20oct12650ce
NSE_FO,nifty20oct12650pe
NSE_FO,nifty20oct12700ce
NSE_FO,nifty20oct12700pe
NSE_FO,nifty20oct12750ce
NSE_FO,nifty20oct12750pe
NSE_FO,nifty20oct12800ce
NSE_FO,nifty20oct12800pe
NSE_FO,nifty20oct12850ce
NSE_FO,nifty20oct12850pe
NSE_FO,nifty20oct12900ce
NSE_FO,nifty20oct12900pe
NSE_FO,nifty20oct12950ce
NSE_FO,nifty20oct12950pe
NSE_FO,nifty20oct13000ce
NSE_FO,nifty20oct13000pe
NSE_FO,nifty20oct10000ce
NSE_FO,nifty20oct10000pe
NSE_FO,nifty20oct10050ce
NSE_FO,nifty20oct10050pe
NSE_FO,nifty20oct10100ce
NSE_FO,nifty20oct10100pe
NSE_FO,nifty20oct10150ce
NSE_FO,nifty20oct10150pe
NSE_FO,nifty20oct10200ce
NSE_FO,nifty20oct10200pe
NSE_FO,nifty20oct10250ce
NSE_FO,nifty20oct10250pe
NSE_FO,nifty20oct10300ce
NSE_FO,nifty20oct10300pe
NSE_FO,nifty20oct10350ce
NSE_FO,nifty20oct10350pe
NSE_FO,nifty20oct10400ce
NSE_FO,nifty20oct10400pe
NSE_FO,nifty20oct10450ce
NSE_FO,nifty20oct10450pe
NSE_FO,nifty20oct10500ce
NSE_FO,nifty20oct10500pe
NSE_FO,nifty20oct10550ce
NSE_FO,nifty20oct10550pe
NSE_FO,nifty20oct10600ce
NSE_FO,nifty20oct10600pe
NSE_FO,nifty20oct10650ce
NSE_FO,nifty20oct10650pe
NSE_FO,nifty20oct10700ce
NSE_FO,nifty20oct10700pe
NSE_FO,nifty20oct10750ce
NSE_FO,nifty20oct10750pe
NSE_FO,nifty20oct10800ce
NSE_FO,nifty20oct10800pe
NSE_FO,nifty20oct10850ce
NSE_FO,nifty20oct10850pe
NSE_FO,nifty20oct10900ce
NSE_FO,nifty20oct10900pe
NSE_FO,nifty20oct10950ce
NSE_FO,nifty20oct10950pe
NSE_FO,nifty20oct11000ce
NSE_FO,nifty20oct11000pe
NSE_FO,nifty20oct11050ce
NSE_FO,nifty20oct11050pe
NSE_FO,nifty20oct11100ce
NSE_FO,nifty20oct11100pe
NSE_FO,nifty20oct11150ce
NSE_FO,nifty20oct11150pe
NSE_FO,nifty20oct11200ce
NSE_FO,nifty20oct11200pe
NSE_FO,nifty20oct11250ce
NSE_FO,nifty20oct11250pe
NSE_FO,nifty20oct11300ce
NSE_FO,nifty20oct11300pe
NSE_FO,nifty20oct11350ce
NSE_FO,nifty20oct11350pe
NSE_FO,nifty20oct11400ce
NSE_FO,nifty20oct11400pe
NSE_FO,nifty20oct11450ce
NSE_FO,nifty20oct11450pe
NSE_FO,nifty20oct11500ce
NSE_FO,nifty20oct11500pe
NSE_FO,nifty20oct11550ce
NSE_FO,nifty20oct11550pe
NSE_FO,nifty20oct11600ce
NSE_FO,nifty20oct11600pe
NSE_FO,nifty20oct11650ce
NSE_FO,nifty20oct11650pe
NSE_FO,nifty20oct11700ce
NSE_FO,nifty20oct11700pe
NSE_FO,nifty20oct11750ce
NSE_FO,nifty20oct11750pe
NSE_FO,nifty20oct11800ce
NSE_FO,nifty20oct11800pe
NSE_FO,nifty20oct11850ce
NSE_FO,nifty20oct11850pe
NSE_FO,nifty20oct11900ce
NSE_FO,nifty20oct11900pe
NSE_FO,nifty20oct11950ce
NSE_FO,nifty20oct11950pe
NSE_FO,nifty20oct12000ce
NSE_FO,nifty20oct12000pe
NSE_FO,nifty20oct12050ce
NSE_FO,nifty20oct12050pe
NSE_FO,nifty20oct12100ce
NSE_FO,nifty20oct12100pe
NSE_FO,nifty20oct12150ce
NSE_FO,nifty20oct12150pe
NSE_FO,nifty20oct12200ce
NSE_FO,nifty20oct12200pe
NSE_FO,nifty20oct12250ce
NSE_FO,nifty20oct12250pe
NSE_FO,nifty20oct12300ce
NSE_FO,nifty20oct12300pe
NSE_FO,nifty20oct12350ce
NSE_FO,nifty20oct12350pe
NSE_FO,nifty20oct12400ce
NSE_FO,nifty20oct12400pe
NSE_FO,nifty20oct12450ce
NSE_FO,nifty20oct12450pe
NSE_FO,nifty20oct12500ce
NSE_FO,nifty20oct12500pe
NSE_FO,nifty20oct12550ce
NSE_FO,nifty20oct12550pe
NSE_FO,nifty20oct12600ce
NSE_FO,nifty20oct12600pe